{
  "accuracy": [
    0.749548077583313,
    0.8517666459083557,
    0.8698439002037048,
    0.8862777352333069,
    0.8907148838043213,
    0.9010682106018066,
    0.9022185802459717,
    0.9073130488395691,
    0.9129005670547485,
    0.9074773788452148,
    0.8820049166679382,
    0.9449465870857239,
    0.9613804221153259,
    0.9659819006919861,
    0.9741988778114319
  ],
  "val_accuracy": [
    0.8736842274665833,
    0.883552610874176,
    0.9203947186470032,
    0.9138157963752747,
    0.9019736647605896,
    0.9236842393875122,
    0.9217105507850647,
    0.9236842393875122,
    0.9375,
    0.92960524559021,
    0.9032894968986511,
    0.9144737124443054,
    0.9098684191703796,
    0.9197368621826172,
    0.9342105388641357
  ],
  "loss": [
    0.6862583756446838,
    0.41341927647590637,
    0.3586566746234894,
    0.3257247507572174,
    0.3016219139099121,
    0.2761576771736145,
    0.2657766044139862,
    0.2651439309120178,
    0.2521041929721832,
    0.25390905141830444,
    0.36344587802886963,
    0.16990001499652863,
    0.11423460394144058,
    0.11027861386537552,
    0.08269792050123215
  ],
  "val_loss": [
    0.36053064465522766,
    0.31374895572662354,
    0.23812341690063477,
    0.24181106686592102,
    0.24847014248371124,
    0.19644442200660706,
    0.22435833513736725,
    0.2135269194841385,
    0.1773800104856491,
    0.19327804446220398,
    0.2939242720603943,
    0.28793865442276,
    0.275272935628891,
    0.2884153425693512,
    0.2591727077960968
  ]
}